{"text": " My thought, I have nobody by a beauty and will as you poured. Mr. Rochester is serve in that so-don't-find-simpus, and devoted abode, to at might in a r\u2014", "segments": [{"id": 0, "seek": 0, "start": 0.0, "end": 3.84, "text": " My thought, I have nobody by a beauty and will as you poured.", "tokens": [50364, 1222, 1194, 11, 286, 362, 5079, 538, 257, 6643, 293, 486, 382, 291, 23270, 13, 50556], "temperature": 0.0, "avg_logprob": -0.5109156005236567, "compression_ratio": 1.1742424242424243, "no_speech_prob": 0.16910524666309357}, {"id": 1, "seek": 0, "start": 3.84, "end": 10.040000000000001, "text": " Mr. Rochester is serve in that so-don't-find-simpus, and devoted abode, to at might in a r\u2014", "tokens": [50556, 2221, 13, 39895, 307, 4596, 294, 300, 370, 12, 13966, 380, 12, 35072, 12, 30937, 31624, 11, 293, 21815, 410, 1429, 11, 281, 412, 1062, 294, 257, 367, 2958, 50866], "temperature": 0.0, "avg_logprob": -0.5109156005236567, "compression_ratio": 1.1742424242424243, "no_speech_prob": 0.16910524666309357}], "language": "en"}